professor_name,top_4_worthwhile_reviews,llm_prompt,professor_summary,mean_review_sentiment,chunk_sentiment_score,summary_sentiment_score
Duane  Griffin,"this is the worst teacher I\'ve ever had in my entire life. he was useless- DO NOT TAKE! he told us not to worry about our grades however he screwed us all in the end and gave us lower grades than everyone expected...AVOID AT ALL COSTS FOR YOUR OWN GOOD! 

 Terrible professor. Expected students to know information for tests that he didn\'t even teach about it. Awful grading system. I will never take a class with this professor again and advise no one else to either. 

 He is a really nice guy! If you try hard in his class and stay on top of the assignments he asks of you then you will seriously do well. Try to get on his good side, it pays off. He is a really smart guy and is very willing to help you out if you need. GO TO OFFICE HOURS! It makes him take you seriously and you learn a lot from his genius! 

 Take advantage of extra credit opportunities and office hours. There is a lot of material, but the tests ask about broad trends and general connections, so just memorizing isn\'t that helpful. He is kind of a picky grader. Field trips are kind of random but fun, and he has a lot of jokes and interesting stories, so the class is laid back and fun","You are summarizing student reviews for a professor.

Professor name:
Duane  Griffin

Most worthwhile student reviews:
this is the worst teacher I\'ve ever had in my entire life. he was useless- DO NOT TAKE! he told us not to worry about our grades however he screwed us all in the end and gave us lower grades than everyone expected...AVOID AT ALL COSTS FOR YOUR OWN GOOD! 

 Terrible professor. Expected students to know information for tests that he didn\'t even teach about it. Awful grading system. I will never take a class with this professor again and advise no one else to either. 

 He is a really nice guy! If you try hard in his class and stay on top of the assignments he asks of you then you will seriously do well. Try to get on his good side, it pays off. He is a really smart guy and is very willing to help you out if you need. GO TO OFFICE HOURS! It makes him take you seriously and you learn a lot from his genius! 

 Take advantage of extra credit opportunities and office hours. There is a lot of material, but the tests ask about broad trends and general connections, so just memorizing isn\'t that helpful. He is kind of a picky grader. Field trips are kind of random but fun, and he has a lot of jokes and interesting stories, so the class is laid back and fun

Top positive sentiment words from the dataset:
great, awesome, best, easy, wonderful, loved, amazing, fun, fair, love, funny, excellent, dr, interesting, willing, cares, cool, great teacher, really, favorite

Top negative sentiment words from the dataset:
unless, completely, worst teacher, thinks, arrogant, useless, hard understand, did, unorganized, boring, teach, terrible, awful, confusing, unclear, rude, doesn, horrible, avoid, worst

Task:
Write a concise summary of the most impactful things a student should know about this professor.

Instructions:
- Base the summary on the review text above.
- Treat the positive and negative word lists as guidance for important sentiment-bearing traits.
- If the reviews clearly support a word or idea from those lists, carry that wording forward naturally into the summary.
- Do not include a keyword unless it is supported by the reviews.
- Prefer concrete repeated themes over vague praise or vague complaints.
- Focus especially on clarity, organization, helpfulness, fairness, workload, grading, exams, lecture quality, and overall classroom experience when mentioned.
- Preserve both positive and negative points when both are present.
- Do not invent details or overstate weak evidence.
- Write 4-6 sentences in a neutral, informative style.

Output:
Return only the final summary paragraph.","Professor Duane Griffin is described as a smart and willing instructor who can be helpful if students actively engage, attend office hours, and take advantage of extra credit opportunities. His class covers a lot of material, with tests focusing on broad trends rather than memorization, but some students find his grading to be picky and unfair, with unexpected lower grades despite reassurances. While the class atmosphere is generally laid back and occasionally fun, with jokes and interesting stories, others criticize him for poor organization and expecting knowledge on material not taught. Overall, success in his course seems to depend heavily on staying on top of assignments and building a good rapport with him, though some students strongly advise avoiding his class due to grading and teaching concerns.",-0.07899450913832834,-0.093089037872225,0.35869917308070876
Susan  Larkin,"LOVED HER! Larkin is an amazing professor. shes very enthusiastic and believes in her students. she will not let you give up, and will push you until you succeed Be prepared to give 110%, she doesnt like slacking, but she will give you a break if you need it. Class is fun, and you make great friends. Highly recommend her! you wont regret it 

 She is awesome. Take her for online health class. Easy A (if you do the work she requires (which is not tough at all). She is always ready to help also, she is very clear and fair. 

 Dr. Larkin is simply the best PED Prof. in PED at John Jay! I have taken 2 classes with her. She is excellent! Take PED 110 ONLINE with her it is an easy A, forget what the other people say. Se gives good feedback. PE Minor students should take her! Forget these other teachers, (they are too serious) she is the best one to take! Easy A 

 I do not like professor Larkin. She is not helpful at all. If a student ask for help, ignores. she is so rude and strict. she does not care about students. I have never seen these type of professor.","You are summarizing student reviews for a professor.

Professor name:
Susan  Larkin

Most worthwhile student reviews:
LOVED HER! Larkin is an amazing professor. shes very enthusiastic and believes in her students. she will not let you give up, and will push you until you succeed Be prepared to give 110%, she doesnt like slacking, but she will give you a break if you need it. Class is fun, and you make great friends. Highly recommend her! you wont regret it 

 She is awesome. Take her for online health class. Easy A (if you do the work she requires (which is not tough at all). She is always ready to help also, she is very clear and fair. 

 Dr. Larkin is simply the best PED Prof. in PED at John Jay! I have taken 2 classes with her. She is excellent! Take PED 110 ONLINE with her it is an easy A, forget what the other people say. Se gives good feedback. PE Minor students should take her! Forget these other teachers, (they are too serious) she is the best one to take! Easy A 

 I do not like professor Larkin. She is not helpful at all. If a student ask for help, ignores. she is so rude and strict. she does not care about students. I have never seen these type of professor.

Top positive sentiment words from the dataset:
great, awesome, best, easy, wonderful, loved, amazing, fun, fair, love, funny, excellent, dr, interesting, willing, cares, cool, great teacher, really, favorite

Top negative sentiment words from the dataset:
unless, completely, worst teacher, thinks, arrogant, useless, hard understand, did, unorganized, boring, teach, terrible, awful, confusing, unclear, rude, doesn, horrible, avoid, worst

Task:
Write a concise summary of the most impactful things a student should know about this professor.

Instructions:
- Base the summary on the review text above.
- Treat the positive and negative word lists as guidance for important sentiment-bearing traits.
- If the reviews clearly support a word or idea from those lists, carry that wording forward naturally into the summary.
- Do not include a keyword unless it is supported by the reviews.
- Prefer concrete repeated themes over vague praise or vague complaints.
- Focus especially on clarity, organization, helpfulness, fairness, workload, grading, exams, lecture quality, and overall classroom experience when mentioned.
- Preserve both positive and negative points when both are present.
- Do not invent details or overstate weak evidence.
- Write 4-6 sentences in a neutral, informative style.

Output:
Return only the final summary paragraph.","Professor Susan Larkin is described by many students as an enthusiastic and fair instructor who pushes students to give their best while also being willing to offer breaks when needed. She is praised for making classes fun and fostering a positive classroom environment where students can form friendships. Her online health and PED classes are considered easy A opportunities if students complete the required work, and she provides clear feedback. However, some students find her strict and unhelpful, reporting that she can be rude and unresponsive to requests for assistance. Overall, she is viewed as a dedicated professor who cares about student success, though her approach may not suit everyone.",0.5293065650121289,0.943535152562391,0.7980752062593162
Ken  Sumner,"Dr. Sumner is the most worthless professor I\'ve ever had. He never replies to emails, just gossips during class and doesn\'t help when requested. I honestly don\'t know how he\'s been teaching as long as he has. 

 He\'s such a horrible, lackadaisical professor! Avoid at all costs; he\'ll ruin your GPA. I took him for grad level statistics. He didn\'t teach anything at all. All he did was talk about his children and personal life. He even admitted that he didn\'t know how to do some of the material he went over in class. 

 Dr. Sumner is a great teacher. I have an aversion and mental disability to math;however, intro to statistic was so easy with him. He jokes to make you feel more comfortable and he\'s always there if you need a help. Definitely recommended. Gotta love this guy!!! 

 The worst experience I have ever encountered with a professor. He NEVER answered my emails, or questions. He waited until the last possible minute to upload or grade anything, meanwhile his folders were stocked with files that dated back to 2012. Most unorganized class ever, and so unhelpful.","You are summarizing student reviews for a professor.

Professor name:
Ken  Sumner

Most worthwhile student reviews:
Dr. Sumner is the most worthless professor I\'ve ever had. He never replies to emails, just gossips during class and doesn\'t help when requested. I honestly don\'t know how he\'s been teaching as long as he has. 

 He\'s such a horrible, lackadaisical professor! Avoid at all costs; he\'ll ruin your GPA. I took him for grad level statistics. He didn\'t teach anything at all. All he did was talk about his children and personal life. He even admitted that he didn\'t know how to do some of the material he went over in class. 

 Dr. Sumner is a great teacher. I have an aversion and mental disability to math;however, intro to statistic was so easy with him. He jokes to make you feel more comfortable and he\'s always there if you need a help. Definitely recommended. Gotta love this guy!!! 

 The worst experience I have ever encountered with a professor. He NEVER answered my emails, or questions. He waited until the last possible minute to upload or grade anything, meanwhile his folders were stocked with files that dated back to 2012. Most unorganized class ever, and so unhelpful.

Top positive sentiment words from the dataset:
great, awesome, best, easy, wonderful, loved, amazing, fun, fair, love, funny, excellent, dr, interesting, willing, cares, cool, great teacher, really, favorite

Top negative sentiment words from the dataset:
unless, completely, worst teacher, thinks, arrogant, useless, hard understand, did, unorganized, boring, teach, terrible, awful, confusing, unclear, rude, doesn, horrible, avoid, worst

Task:
Write a concise summary of the most impactful things a student should know about this professor.

Instructions:
- Base the summary on the review text above.
- Treat the positive and negative word lists as guidance for important sentiment-bearing traits.
- If the reviews clearly support a word or idea from those lists, carry that wording forward naturally into the summary.
- Do not include a keyword unless it is supported by the reviews.
- Prefer concrete repeated themes over vague praise or vague complaints.
- Focus especially on clarity, organization, helpfulness, fairness, workload, grading, exams, lecture quality, and overall classroom experience when mentioned.
- Preserve both positive and negative points when both are present.
- Do not invent details or overstate weak evidence.
- Write 4-6 sentences in a neutral, informative style.

Output:
Return only the final summary paragraph.","Students have reported highly mixed experiences with Dr. Ken Sumner. Some find him a great and funny teacher who makes statistics feel easy and creates a comfortable classroom environment, being willing to help when needed. However, several students describe his classes as unorganized and unhelpful, noting that he rarely responds to emails or questions and delays grading and posting materials until the last minute. There are also concerns about his focus during lectures, with reports of him discussing personal topics instead of teaching, and even admitting to not knowing some of the material. Overall, while some appreciate his approachable style, others strongly advise avoiding his courses due to poor organization and lack of effective instruction.",-0.39208383145997733,-0.8083802623636475,0.24383504233768116
Andrew  Delamater,"Professor Delamater is great! He is very tough but he makes you work hard and you learn a lot. This is not an easy A class, but if you think you are smart enough to read a book, you will have no problems. 

 Lectures are boring and information is unclear. He is very unprofessional and treats you like an idiot if you are not understanding the info. He plays favorites and ignores the students who have difficulty in class. 

 If you want to waste money, If you really don\'t care about your GPA, If you want to struggle, If you are interested in 3 hours of boring lectures than this class is for you!! ENOUGH SAID!!! 

 I highly recommend him!His lectures were crystal clear and based on the book. He always gave examples to support the theories he discussed and his exams were fair; you just have to put in the effort and study. Take him! I really enjoyed his class!","You are summarizing student reviews for a professor.

Professor name:
Andrew  Delamater

Most worthwhile student reviews:
Professor Delamater is great! He is very tough but he makes you work hard and you learn a lot. This is not an easy A class, but if you think you are smart enough to read a book, you will have no problems. 

 Lectures are boring and information is unclear. He is very unprofessional and treats you like an idiot if you are not understanding the info. He plays favorites and ignores the students who have difficulty in class. 

 If you want to waste money, If you really don\'t care about your GPA, If you want to struggle, If you are interested in 3 hours of boring lectures than this class is for you!! ENOUGH SAID!!! 

 I highly recommend him!His lectures were crystal clear and based on the book. He always gave examples to support the theories he discussed and his exams were fair; you just have to put in the effort and study. Take him! I really enjoyed his class!

Top positive sentiment words from the dataset:
great, awesome, best, easy, wonderful, loved, amazing, fun, fair, love, funny, excellent, dr, interesting, willing, cares, cool, great teacher, really, favorite

Top negative sentiment words from the dataset:
unless, completely, worst teacher, thinks, arrogant, useless, hard understand, did, unorganized, boring, teach, terrible, awful, confusing, unclear, rude, doesn, horrible, avoid, worst

Task:
Write a concise summary of the most impactful things a student should know about this professor.

Instructions:
- Base the summary on the review text above.
- Treat the positive and negative word lists as guidance for important sentiment-bearing traits.
- If the reviews clearly support a word or idea from those lists, carry that wording forward naturally into the summary.
- Do not include a keyword unless it is supported by the reviews.
- Prefer concrete repeated themes over vague praise or vague complaints.
- Focus especially on clarity, organization, helpfulness, fairness, workload, grading, exams, lecture quality, and overall classroom experience when mentioned.
- Preserve both positive and negative points when both are present.
- Do not invent details or overstate weak evidence.
- Write 4-6 sentences in a neutral, informative style.

Output:
Return only the final summary paragraph.","Professor Delamater is known for being a tough instructor who requires students to put in significant effort, with exams that are considered fair and based on the textbook material. Some students find his lectures clear and well-supported by examples, which helps them learn effectively. However, others describe his lectures as boring and unclear, and report that he can be unprofessional and dismissive toward students who struggle, sometimes playing favorites. This class is not an easy A and may be challenging for those who are not prepared to engage deeply with the material. Overall, students should expect a demanding course with a mixed experience regarding lecture quality and instructor approachability.",-0.0010082735722250213,0.20112304287266647,0.04664339171524179
Peter  Jurs,"Terrible class, absolutely boring and poor lectures. Taught myself chemistry from the book because I couldn\'t take sitting through the lecture. If you have to take the first year chem lab, bless your soul. 

 He was awesome 

 Can be dry at times, but a nice guy overall. ""Wizard of Whitmore."" Can be funny. Great attitude. Knows what he\'s doing and teaches very well. 

 Good teacher, easy to follor. lots of demonstartions in class to keep your attention.","You are summarizing student reviews for a professor.

Professor name:
Peter  Jurs

Most worthwhile student reviews:
Terrible class, absolutely boring and poor lectures. Taught myself chemistry from the book because I couldn\'t take sitting through the lecture. If you have to take the first year chem lab, bless your soul. 

 He was awesome 

 Can be dry at times, but a nice guy overall. ""Wizard of Whitmore."" Can be funny. Great attitude. Knows what he\'s doing and teaches very well. 

 Good teacher, easy to follor. lots of demonstartions in class to keep your attention.

Top positive sentiment words from the dataset:
great, awesome, best, easy, wonderful, loved, amazing, fun, fair, love, funny, excellent, dr, interesting, willing, cares, cool, great teacher, really, favorite

Top negative sentiment words from the dataset:
unless, completely, worst teacher, thinks, arrogant, useless, hard understand, did, unorganized, boring, teach, terrible, awful, confusing, unclear, rude, doesn, horrible, avoid, worst

Task:
Write a concise summary of the most impactful things a student should know about this professor.

Instructions:
- Base the summary on the review text above.
- Treat the positive and negative word lists as guidance for important sentiment-bearing traits.
- If the reviews clearly support a word or idea from those lists, carry that wording forward naturally into the summary.
- Do not include a keyword unless it is supported by the reviews.
- Prefer concrete repeated themes over vague praise or vague complaints.
- Focus especially on clarity, organization, helpfulness, fairness, workload, grading, exams, lecture quality, and overall classroom experience when mentioned.
- Preserve both positive and negative points when both are present.
- Do not invent details or overstate weak evidence.
- Write 4-6 sentences in a neutral, informative style.

Output:
Return only the final summary paragraph.","Professor Peter Jurs receives mixed reviews from students. Some find his lectures boring and poorly delivered, to the point that they preferred teaching themselves from the textbook, especially in the first-year chemistry lab. However, others describe him as a great teacher who is easy to follow, knowledgeable, and capable of making the class engaging through demonstrations and occasional humor. He is generally seen as having a good attitude and being fair in his teaching approach. Overall, students should be prepared for a potentially dry lecture style but can expect a professor who cares and knows his material well.",0.4466659776318901,0.5464562866766471,0.7843678432175845
Thomas  Cooke,"Doesn\'t really care about the course. Asks terrible questions on the tests that are completely ambiguous- asks T/F questions on opinionated topics. Says he\'ll curve final grades, but didn\'t for our class. Just a terrible course overall, don\'t take it if you don\'t have to. 

 One of the best classes I have taken at UConn. Enjoyed the material and his teaching style. Only complaint is time granted on the tests. Overall great class. 

 Great Professor, very funny and interesting. The class grade is based on only 3 exams. He curves everything. Going to class and taking notes is very helpful. 

 I enjoyed this class. There\'s 5 modules and you get 3 weeks for each one. There\'s a few assignments, a blog post, and a quiz each module. Totally doable amount of work. Only thing is, for the blog you need to work with your group and a lot of people wait until the last minute. Cooke was very helpful and informative either way. Highly recommended!","You are summarizing student reviews for a professor.

Professor name:
Thomas  Cooke

Most worthwhile student reviews:
Doesn\'t really care about the course. Asks terrible questions on the tests that are completely ambiguous- asks T/F questions on opinionated topics. Says he\'ll curve final grades, but didn\'t for our class. Just a terrible course overall, don\'t take it if you don\'t have to. 

 One of the best classes I have taken at UConn. Enjoyed the material and his teaching style. Only complaint is time granted on the tests. Overall great class. 

 Great Professor, very funny and interesting. The class grade is based on only 3 exams. He curves everything. Going to class and taking notes is very helpful. 

 I enjoyed this class. There\'s 5 modules and you get 3 weeks for each one. There\'s a few assignments, a blog post, and a quiz each module. Totally doable amount of work. Only thing is, for the blog you need to work with your group and a lot of people wait until the last minute. Cooke was very helpful and informative either way. Highly recommended!

Top positive sentiment words from the dataset:
great, awesome, best, easy, wonderful, loved, amazing, fun, fair, love, funny, excellent, dr, interesting, willing, cares, cool, great teacher, really, favorite

Top negative sentiment words from the dataset:
unless, completely, worst teacher, thinks, arrogant, useless, hard understand, did, unorganized, boring, teach, terrible, awful, confusing, unclear, rude, doesn, horrible, avoid, worst

Task:
Write a concise summary of the most impactful things a student should know about this professor.

Instructions:
- Base the summary on the review text above.
- Treat the positive and negative word lists as guidance for important sentiment-bearing traits.
- If the reviews clearly support a word or idea from those lists, carry that wording forward naturally into the summary.
- Do not include a keyword unless it is supported by the reviews.
- Prefer concrete repeated themes over vague praise or vague complaints.
- Focus especially on clarity, organization, helpfulness, fairness, workload, grading, exams, lecture quality, and overall classroom experience when mentioned.
- Preserve both positive and negative points when both are present.
- Do not invent details or overstate weak evidence.
- Write 4-6 sentences in a neutral, informative style.

Output:
Return only the final summary paragraph.","Professor Thomas Cooke receives mixed reviews from students. Some find his classes interesting, funny, and well-organized, appreciating the manageable workload with clear modules, assignments, and quizzes, as well as his helpfulness and informative approach. However, others criticize the course for ambiguous and opinion-based test questions, particularly true/false items, and express frustration that promised grade curves were not applied consistently. The class grade is primarily based on three exams, making attendance and note-taking important. Overall, students should be prepared for a course that can be enjoyable but may also present challenges with grading fairness and test clarity.",0.3874291403333425,0.7014623302776262,0.5459938112075831
Irv  Englander,"this class is the worst IT class you can ever take. do not take this class unless you want to be a computer geek 

 These is without a doubt one of the worst classes i have. he tells us to read the book for the quizzes then never puts that info on the quizzes. Grades projects and what not easily, but its hard to get good test and quiz grades...good luck with this guy 

 Went to MIT and knows his stuff. He\'s a goofy little guy that you shouldn\'t take too seriously. A great and fun prof if you just get to know him. Definately go to office hours and he\'ll help you out, but you may get stuck watching youtube videos with him. Class is hard, but really just put a full day\'s worth of study in b4 the exam and youll b fine 

 Currently taking this class. Englander is an excellent professor. The material is hard but if you pay attention its really not that bad. Tests are challenging but you can bring a page of notes and he is generous with points. I definitely recommend taking a class with Irv. He\'s worked with computers since they were invented and he knows his stuff.","You are summarizing student reviews for a professor.

Professor name:
Irv  Englander

Most worthwhile student reviews:
this class is the worst IT class you can ever take. do not take this class unless you want to be a computer geek 

 These is without a doubt one of the worst classes i have. he tells us to read the book for the quizzes then never puts that info on the quizzes. Grades projects and what not easily, but its hard to get good test and quiz grades...good luck with this guy 

 Went to MIT and knows his stuff. He\'s a goofy little guy that you shouldn\'t take too seriously. A great and fun prof if you just get to know him. Definately go to office hours and he\'ll help you out, but you may get stuck watching youtube videos with him. Class is hard, but really just put a full day\'s worth of study in b4 the exam and youll b fine 

 Currently taking this class. Englander is an excellent professor. The material is hard but if you pay attention its really not that bad. Tests are challenging but you can bring a page of notes and he is generous with points. I definitely recommend taking a class with Irv. He\'s worked with computers since they were invented and he knows his stuff.

Top positive sentiment words from the dataset:
great, awesome, best, easy, wonderful, loved, amazing, fun, fair, love, funny, excellent, dr, interesting, willing, cares, cool, great teacher, really, favorite

Top negative sentiment words from the dataset:
unless, completely, worst teacher, thinks, arrogant, useless, hard understand, did, unorganized, boring, teach, terrible, awful, confusing, unclear, rude, doesn, horrible, avoid, worst

Task:
Write a concise summary of the most impactful things a student should know about this professor.

Instructions:
- Base the summary on the review text above.
- Treat the positive and negative word lists as guidance for important sentiment-bearing traits.
- If the reviews clearly support a word or idea from those lists, carry that wording forward naturally into the summary.
- Do not include a keyword unless it is supported by the reviews.
- Prefer concrete repeated themes over vague praise or vague complaints.
- Focus especially on clarity, organization, helpfulness, fairness, workload, grading, exams, lecture quality, and overall classroom experience when mentioned.
- Preserve both positive and negative points when both are present.
- Do not invent details or overstate weak evidence.
- Write 4-6 sentences in a neutral, informative style.

Output:
Return only the final summary paragraph.","Professor Irv Englander is knowledgeable and experienced, having worked with computers since their early days, and is described as a fun and approachable instructor if students engage with him, especially during office hours. The class material is challenging, and exams are hard, but students can bring a page of notes and may earn generous points, making it manageable with sufficient study. However, some students find the quizzes confusing and feel the quiz content does not align well with the assigned readings, leading to difficulty in achieving good quiz and test grades. While projects are graded fairly easily, the overall course can be demanding and may not suit everyone’s interests. Students who invest time and attend office hours tend to have a better experience, though the class is not recommended for those who do not want a rigorous IT course.",-0.02887992201167161,0.34458397721597533,0.333586782769435
William  Stoever,"Finally a professor who made me feel like I was in college! I loved Stoever and the class. He\'s incredibly intelligent and has a a pretty funny sense of humor that you have to kind of catch. Take really good notes, study hard and watch your grammar on the exams and you\'ll do great. Highly recommende 

 This man is a genius. He was by far the best professor I had at Western. His lectures were insightful, meticulous, and often times hilarious. Best of all, he tactfully and efficiently poke fun of idiots (i.e. his grammar lectures after an essay test!). 

 This was the most boring class I have ever taken at Western. I got the worst grade in this class I have ever gotten in college. He has an interesting sense of humor, but I think he is rude, and it is very impossible to follow his lectures without falling asleep because is voice is monotone. I couldn\'t go to class without falling asleep.. STAY AWAY! 

 Dr. Stoever is the best professor I\'ve ever had at Western. He is brilliant, interesting, and truly passionate about the subject. I recommend him to everyone. He is, however, very, very tough. Don\'t take this class if you aren\'t prepared to read and listen. LOTS. But it\'s totally worth it.","You are summarizing student reviews for a professor.

Professor name:
William  Stoever

Most worthwhile student reviews:
Finally a professor who made me feel like I was in college! I loved Stoever and the class. He\'s incredibly intelligent and has a a pretty funny sense of humor that you have to kind of catch. Take really good notes, study hard and watch your grammar on the exams and you\'ll do great. Highly recommende 

 This man is a genius. He was by far the best professor I had at Western. His lectures were insightful, meticulous, and often times hilarious. Best of all, he tactfully and efficiently poke fun of idiots (i.e. his grammar lectures after an essay test!). 

 This was the most boring class I have ever taken at Western. I got the worst grade in this class I have ever gotten in college. He has an interesting sense of humor, but I think he is rude, and it is very impossible to follow his lectures without falling asleep because is voice is monotone. I couldn\'t go to class without falling asleep.. STAY AWAY! 

 Dr. Stoever is the best professor I\'ve ever had at Western. He is brilliant, interesting, and truly passionate about the subject. I recommend him to everyone. He is, however, very, very tough. Don\'t take this class if you aren\'t prepared to read and listen. LOTS. But it\'s totally worth it.

Top positive sentiment words from the dataset:
great, awesome, best, easy, wonderful, loved, amazing, fun, fair, love, funny, excellent, dr, interesting, willing, cares, cool, great teacher, really, favorite

Top negative sentiment words from the dataset:
unless, completely, worst teacher, thinks, arrogant, useless, hard understand, did, unorganized, boring, teach, terrible, awful, confusing, unclear, rude, doesn, horrible, avoid, worst

Task:
Write a concise summary of the most impactful things a student should know about this professor.

Instructions:
- Base the summary on the review text above.
- Treat the positive and negative word lists as guidance for important sentiment-bearing traits.
- If the reviews clearly support a word or idea from those lists, carry that wording forward naturally into the summary.
- Do not include a keyword unless it is supported by the reviews.
- Prefer concrete repeated themes over vague praise or vague complaints.
- Focus especially on clarity, organization, helpfulness, fairness, workload, grading, exams, lecture quality, and overall classroom experience when mentioned.
- Preserve both positive and negative points when both are present.
- Do not invent details or overstate weak evidence.
- Write 4-6 sentences in a neutral, informative style.

Output:
Return only the final summary paragraph.","Professor William Stoever is regarded by many students as one of the best and most brilliant professors at Western, known for his insightful, meticulous, and sometimes humorous lectures. He is passionate about the subject and challenges students with a heavy reading and listening workload, making the class tough but rewarding for those prepared to engage fully. Students are advised to take careful notes, study hard, and pay close attention to grammar on exams to succeed. However, some students find his lectures monotonous and difficult to follow, describing his voice as sleep-inducing and his demeanor as occasionally rude. Overall, while his class can be demanding and not suited for everyone, many recommend him highly for those seeking a rigorous and intellectually stimulating college experience.",0.4739022136431067,0.863686383379699,0.434104862705458
Michael  Kwag,"Kwag is a very knowledgable professor. His lectures are always interesting and if you are willing to work and participate in the class you can learn a lot and do very well. He genuinely wants students to succeed, although he may be strict at times. He is always available for help. 

 watch out.. not helpful, rude, and teaches at lightning speed. dont even bother going to him for clarification on anything. arbitrarily grades tests. will take 5 points off for one small error on one persons paper, and 5 points off someone elses when they got the entire thing wrong. Unfair, hard to understand, and just overall terrible!!! 

 KWAG is amazing, one of the best classes. Go to class and pay attention and you will definitely easily get an A. Tells literally everything that\'s going to be on the midterm and finals 

 BEST professor in the world. I have been incredibly fortunate to have learned accounting from him. He is so intelligent. Go to him if you have questions about the material. Show that you care to work hard and succeed... do those things and you will gain his respect.. which is critical.","You are summarizing student reviews for a professor.

Professor name:
Michael  Kwag

Most worthwhile student reviews:
Kwag is a very knowledgable professor. His lectures are always interesting and if you are willing to work and participate in the class you can learn a lot and do very well. He genuinely wants students to succeed, although he may be strict at times. He is always available for help. 

 watch out.. not helpful, rude, and teaches at lightning speed. dont even bother going to him for clarification on anything. arbitrarily grades tests. will take 5 points off for one small error on one persons paper, and 5 points off someone elses when they got the entire thing wrong. Unfair, hard to understand, and just overall terrible!!! 

 KWAG is amazing, one of the best classes. Go to class and pay attention and you will definitely easily get an A. Tells literally everything that\'s going to be on the midterm and finals 

 BEST professor in the world. I have been incredibly fortunate to have learned accounting from him. He is so intelligent. Go to him if you have questions about the material. Show that you care to work hard and succeed... do those things and you will gain his respect.. which is critical.

Top positive sentiment words from the dataset:
great, awesome, best, easy, wonderful, loved, amazing, fun, fair, love, funny, excellent, dr, interesting, willing, cares, cool, great teacher, really, favorite

Top negative sentiment words from the dataset:
unless, completely, worst teacher, thinks, arrogant, useless, hard understand, did, unorganized, boring, teach, terrible, awful, confusing, unclear, rude, doesn, horrible, avoid, worst

Task:
Write a concise summary of the most impactful things a student should know about this professor.

Instructions:
- Base the summary on the review text above.
- Treat the positive and negative word lists as guidance for important sentiment-bearing traits.
- If the reviews clearly support a word or idea from those lists, carry that wording forward naturally into the summary.
- Do not include a keyword unless it is supported by the reviews.
- Prefer concrete repeated themes over vague praise or vague complaints.
- Focus especially on clarity, organization, helpfulness, fairness, workload, grading, exams, lecture quality, and overall classroom experience when mentioned.
- Preserve both positive and negative points when both are present.
- Do not invent details or overstate weak evidence.
- Write 4-6 sentences in a neutral, informative style.

Output:
Return only the final summary paragraph.","Professor Michael Kwag is a knowledgeable and intelligent instructor who delivers interesting lectures and provides clear guidance on exam content, making it possible to earn a high grade with consistent attendance and effort. He is described as caring and willing to help students who show dedication, and many find him to be an excellent and fair teacher. However, some students report that his teaching pace can be very fast and difficult to follow, and they find his grading inconsistent and sometimes unfair, with concerns about arbitrary point deductions. While he is generally available for assistance, a few students feel he can be rude or unhelpful when approached for clarification. Overall, success in his class requires active participation, hard work, and demonstrating commitment to the material.",0.3925470377833372,0.6445488168509437,0.5032085616170825
Geri  Olson,"AWFUL! all you will do is collage and talk about feelings with people you dont know. goodness. i will not ever take a class from her again. shes very unclear about assignments and will never give you a straight answer. STAY AWAY! 

 I took her in the summer and i loved this class! she is such a great teacher. i had this class for 4 hours and she made it fly bye. she has a way of breaking up the class that makes it bearable. 

 She\'s an interesting professor. Really nice, maybe a little strange at times, but super down to earth. I like the type of work that we do. It\'s an interesting class, a lot of work with personal life stuff, but you don\'t necessarily need to share. Lots of creative writing stuff and you keep a dream journal. A few small projects too 

 I will never take her again. In addition to the previous commenter\'s accurate complaints, she picks favorites, and if she doesn\'t like you - good luck!","You are summarizing student reviews for a professor.

Professor name:
Geri  Olson

Most worthwhile student reviews:
AWFUL! all you will do is collage and talk about feelings with people you dont know. goodness. i will not ever take a class from her again. shes very unclear about assignments and will never give you a straight answer. STAY AWAY! 

 I took her in the summer and i loved this class! she is such a great teacher. i had this class for 4 hours and she made it fly bye. she has a way of breaking up the class that makes it bearable. 

 She\'s an interesting professor. Really nice, maybe a little strange at times, but super down to earth. I like the type of work that we do. It\'s an interesting class, a lot of work with personal life stuff, but you don\'t necessarily need to share. Lots of creative writing stuff and you keep a dream journal. A few small projects too 

 I will never take her again. In addition to the previous commenter\'s accurate complaints, she picks favorites, and if she doesn\'t like you - good luck!

Top positive sentiment words from the dataset:
great, awesome, best, easy, wonderful, loved, amazing, fun, fair, love, funny, excellent, dr, interesting, willing, cares, cool, great teacher, really, favorite

Top negative sentiment words from the dataset:
unless, completely, worst teacher, thinks, arrogant, useless, hard understand, did, unorganized, boring, teach, terrible, awful, confusing, unclear, rude, doesn, horrible, avoid, worst

Task:
Write a concise summary of the most impactful things a student should know about this professor.

Instructions:
- Base the summary on the review text above.
- Treat the positive and negative word lists as guidance for important sentiment-bearing traits.
- If the reviews clearly support a word or idea from those lists, carry that wording forward naturally into the summary.
- Do not include a keyword unless it is supported by the reviews.
- Prefer concrete repeated themes over vague praise or vague complaints.
- Focus especially on clarity, organization, helpfulness, fairness, workload, grading, exams, lecture quality, and overall classroom experience when mentioned.
- Preserve both positive and negative points when both are present.
- Do not invent details or overstate weak evidence.
- Write 4-6 sentences in a neutral, informative style.

Output:
Return only the final summary paragraph.","Professor Geri Olson’s classes involve a significant amount of creative and personal work, including dream journals and small projects, which some students find interesting and engaging. She is described as a great teacher by some, with a teaching style that makes long class sessions feel manageable and an approachable, down-to-earth demeanor. However, other students find her unclear about assignments, unorganized, and frustrating due to a lack of straightforward communication. There are also concerns about perceived favoritism and an uneven classroom experience. Overall, students’ experiences with Professor Olson vary widely, with some appreciating the creative and personal nature of the coursework, while others strongly advise against taking her class due to clarity and fairness issues.",-0.011795343827127547,0.14277768441685912,0.10660866967769245
Michael  Milburn,"I took PSYCH 337 Comm. & Society w/ Prof. Milburn (online). The material he provides is very interesting and I really enjoyed the class. He is extremely responsive if you ask him anything which is great. The class is very straight-forward and what is expected of you is laid out clearly. The work load is fair, & if you do the work you will do well. 

 He just doesn\'t know how to teach to a room of 100 kids. He relies completely on unclear, vague PowerPoints, and his lectures are totally centered around describing studies. It\'s very boring and misleadingly difficult. Also, the tests are built around memorization. This class discouraged me from pursuing a topic that I had been very interested in. 

 WORST PROFESSOR EVER, hes def. on my worst professor list. This guy has so checked out of teaching its not even funny, hes close to retirement and it shows. He didnt even correct our papers he had his grad student do it so in reality we werent even writing for him because the grad student wasnt even correcting by his guidelines! He\'s so boring. 

 This professor needs to retire now! I took his PSYCH 330 class and it was horrible! Boring lectures, confusing material, and not helpful! The tests are really hard! He gives you the Q&A ahead of time but expects you to memorize 250 multiple choice questions and only chooses 50 of them for the actual test! DONT TAKE !","You are summarizing student reviews for a professor.

Professor name:
Michael  Milburn

Most worthwhile student reviews:
I took PSYCH 337 Comm. & Society w/ Prof. Milburn (online). The material he provides is very interesting and I really enjoyed the class. He is extremely responsive if you ask him anything which is great. The class is very straight-forward and what is expected of you is laid out clearly. The work load is fair, & if you do the work you will do well. 

 He just doesn\'t know how to teach to a room of 100 kids. He relies completely on unclear, vague PowerPoints, and his lectures are totally centered around describing studies. It\'s very boring and misleadingly difficult. Also, the tests are built around memorization. This class discouraged me from pursuing a topic that I had been very interested in. 

 WORST PROFESSOR EVER, hes def. on my worst professor list. This guy has so checked out of teaching its not even funny, hes close to retirement and it shows. He didnt even correct our papers he had his grad student do it so in reality we werent even writing for him because the grad student wasnt even correcting by his guidelines! He\'s so boring. 

 This professor needs to retire now! I took his PSYCH 330 class and it was horrible! Boring lectures, confusing material, and not helpful! The tests are really hard! He gives you the Q&A ahead of time but expects you to memorize 250 multiple choice questions and only chooses 50 of them for the actual test! DONT TAKE !

Top positive sentiment words from the dataset:
great, awesome, best, easy, wonderful, loved, amazing, fun, fair, love, funny, excellent, dr, interesting, willing, cares, cool, great teacher, really, favorite

Top negative sentiment words from the dataset:
unless, completely, worst teacher, thinks, arrogant, useless, hard understand, did, unorganized, boring, teach, terrible, awful, confusing, unclear, rude, doesn, horrible, avoid, worst

Task:
Write a concise summary of the most impactful things a student should know about this professor.

Instructions:
- Base the summary on the review text above.
- Treat the positive and negative word lists as guidance for important sentiment-bearing traits.
- If the reviews clearly support a word or idea from those lists, carry that wording forward naturally into the summary.
- Do not include a keyword unless it is supported by the reviews.
- Prefer concrete repeated themes over vague praise or vague complaints.
- Focus especially on clarity, organization, helpfulness, fairness, workload, grading, exams, lecture quality, and overall classroom experience when mentioned.
- Preserve both positive and negative points when both are present.
- Do not invent details or overstate weak evidence.
- Write 4-6 sentences in a neutral, informative style.

Output:
Return only the final summary paragraph.","Professor Michael Milburn offers clear expectations and a fair workload, with interesting course material and responsiveness to student questions, especially in smaller or online settings. However, his lectures have been described as boring, relying heavily on vague PowerPoints and study descriptions, which some students find confusing and unengaging. Exams focus on memorization of a large number of multiple-choice questions, making them challenging despite advance access to study questions. Additionally, grading may be delegated to a graduate student, leading to concerns about consistency and feedback quality. Overall, students’ experiences vary widely, with some appreciating the straightforward structure and others strongly discouraged by the teaching style and difficulty.",-0.4146302222849396,-0.8126778772666984,0.12559661534068423
C  Hampton,"Top 3 worst teachers I\'ve had at vol state, she is rude and reads from power points every class, all class. Accused me of plagerizing an opinionated paper like I was not capable of producing A material. WOULD NOT TAKE awful teacher. 

 She was very rude and demeaning to all of my work that I submitted. She doesn\'t really teach very well. DO NOT TAKE 

 I am taking her online class and she is very rude and does not explain anything.It seems like to me she hates her job and wants to take it out on her students. I do not recommend her at all!!!! 

 this woman is extremely rude and hateful. The first day I ever attended school at vol state, I was lost and sent to her to ask her where I should go for my art class. I knocked on her door, and she proceeded to rip the door open and tell me off in front of her class for interupting her lecture. I was mortified. She ruined my first day of college.","You are summarizing student reviews for a professor.

Professor name:
C  Hampton

Most worthwhile student reviews:
Top 3 worst teachers I\'ve had at vol state, she is rude and reads from power points every class, all class. Accused me of plagerizing an opinionated paper like I was not capable of producing A material. WOULD NOT TAKE awful teacher. 

 She was very rude and demeaning to all of my work that I submitted. She doesn\'t really teach very well. DO NOT TAKE 

 I am taking her online class and she is very rude and does not explain anything.It seems like to me she hates her job and wants to take it out on her students. I do not recommend her at all!!!! 

 this woman is extremely rude and hateful. The first day I ever attended school at vol state, I was lost and sent to her to ask her where I should go for my art class. I knocked on her door, and she proceeded to rip the door open and tell me off in front of her class for interupting her lecture. I was mortified. She ruined my first day of college.

Top positive sentiment words from the dataset:
great, awesome, best, easy, wonderful, loved, amazing, fun, fair, love, funny, excellent, dr, interesting, willing, cares, cool, great teacher, really, favorite

Top negative sentiment words from the dataset:
unless, completely, worst teacher, thinks, arrogant, useless, hard understand, did, unorganized, boring, teach, terrible, awful, confusing, unclear, rude, doesn, horrible, avoid, worst

Task:
Write a concise summary of the most impactful things a student should know about this professor.

Instructions:
- Base the summary on the review text above.
- Treat the positive and negative word lists as guidance for important sentiment-bearing traits.
- If the reviews clearly support a word or idea from those lists, carry that wording forward naturally into the summary.
- Do not include a keyword unless it is supported by the reviews.
- Prefer concrete repeated themes over vague praise or vague complaints.
- Focus especially on clarity, organization, helpfulness, fairness, workload, grading, exams, lecture quality, and overall classroom experience when mentioned.
- Preserve both positive and negative points when both are present.
- Do not invent details or overstate weak evidence.
- Write 4-6 sentences in a neutral, informative style.

Output:
Return only the final summary paragraph.","Students consistently describe Professor C Hampton as rude and unhelpful, often reading directly from PowerPoint slides without providing clear explanations. Several reviews mention feeling demeaned or unfairly accused, with one student recounting a distressing encounter on their first day of college. The professor’s teaching style is characterized as disorganized and lacking engagement, leading to a frustrating classroom experience. There is no evidence of positive feedback regarding her teaching methods or classroom environment in the provided reviews. Overall, students strongly advise against taking her courses due to poor communication and a negative attitude.",-0.8177469447679371,-0.9630384322793291,-0.5899094737812516
Roy  Nutter,"Horrible teacher. Avoid at all costs. Puts things on tests that he NEVER goes over in class. Doesn\'t give much partial credit. Doesn\'t really seem to have a point when he\'s teaching. Overall just a crappy teacher.. don\'t take him unless you absolutely have to. 

 Good professor. Not the best teacher, but he keeps the class is plenty entertaining and fairly easy. 

 Roy Nutter is the most unfair professer i have ever had. He takes off points on some tests and not on others. Avoid him if possible. When i went to him to talk about my test grade he laughed at me and made me even more angrier. 

 Great professor.Likes to have ""Quiz time"" at the start of most classes.Most hw deals with topics from previous courses.Tests are really fair.He pretty much tells you what each question will be before hand.I would recommend you take him for any and all classes possible.","You are summarizing student reviews for a professor.

Professor name:
Roy  Nutter

Most worthwhile student reviews:
Horrible teacher. Avoid at all costs. Puts things on tests that he NEVER goes over in class. Doesn\'t give much partial credit. Doesn\'t really seem to have a point when he\'s teaching. Overall just a crappy teacher.. don\'t take him unless you absolutely have to. 

 Good professor. Not the best teacher, but he keeps the class is plenty entertaining and fairly easy. 

 Roy Nutter is the most unfair professer i have ever had. He takes off points on some tests and not on others. Avoid him if possible. When i went to him to talk about my test grade he laughed at me and made me even more angrier. 

 Great professor.Likes to have ""Quiz time"" at the start of most classes.Most hw deals with topics from previous courses.Tests are really fair.He pretty much tells you what each question will be before hand.I would recommend you take him for any and all classes possible.

Top positive sentiment words from the dataset:
great, awesome, best, easy, wonderful, loved, amazing, fun, fair, love, funny, excellent, dr, interesting, willing, cares, cool, great teacher, really, favorite

Top negative sentiment words from the dataset:
unless, completely, worst teacher, thinks, arrogant, useless, hard understand, did, unorganized, boring, teach, terrible, awful, confusing, unclear, rude, doesn, horrible, avoid, worst

Task:
Write a concise summary of the most impactful things a student should know about this professor.

Instructions:
- Base the summary on the review text above.
- Treat the positive and negative word lists as guidance for important sentiment-bearing traits.
- If the reviews clearly support a word or idea from those lists, carry that wording forward naturally into the summary.
- Do not include a keyword unless it is supported by the reviews.
- Prefer concrete repeated themes over vague praise or vague complaints.
- Focus especially on clarity, organization, helpfulness, fairness, workload, grading, exams, lecture quality, and overall classroom experience when mentioned.
- Preserve both positive and negative points when both are present.
- Do not invent details or overstate weak evidence.
- Write 4-6 sentences in a neutral, informative style.

Output:
Return only the final summary paragraph.","Professor Roy Nutter receives mixed reviews from students. Some find his classes entertaining and fairly easy, with quizzes at the start of most sessions and homework that builds on previous courses. He is noted for giving fair tests and often indicating what questions will appear. However, others describe him as an unfair and unorganized teacher who includes material on exams that was never covered in class and is inconsistent with partial credit. Additionally, some students report negative interactions when discussing grades. Overall, students recommend avoiding him unless necessary, though a few find his teaching manageable and somewhat engaging.",0.0037951227197953463,-0.18761353096262945,0.07004090348142933
Elizabeth  Salter,"Just be sure to pay attention and actually study for the tests & the class will be pretty easy. Don\'t fret over the 10 page essays because you\'ll get a good grade as long as you include all that she asks for in the rubric. Nothing too difficult. She\'s a great professor, knowledgeable, very nice, & pretty funny. 

 This class has probably been one of the worst I have taken since coming to UTD. Unless you REALLY like lectures that will put you to sleep and primates...stay away!!! She grades very hard and the lectures seemed very disorganized and unrelated to required readings. 

 If this was not my last semester, I would have dropped this class from day 1. Awful - lectures are dull, slides are a mess, tests do not match what she says to study for, uses obscure things from the book never addressed during class. If you can get around taking this class and this professor, do so. 

 She is a very nice professor as long as you have good classroom etiquette. A lot of information is covered; you must read and study well. Expectations are clear and she will help you if you asked. There are two 10 page papers, the second one is fun\xe2\x80\xa6you create your own short mystery novel.","You are summarizing student reviews for a professor.

Professor name:
Elizabeth  Salter

Most worthwhile student reviews:
Just be sure to pay attention and actually study for the tests & the class will be pretty easy. Don\'t fret over the 10 page essays because you\'ll get a good grade as long as you include all that she asks for in the rubric. Nothing too difficult. She\'s a great professor, knowledgeable, very nice, & pretty funny. 

 This class has probably been one of the worst I have taken since coming to UTD. Unless you REALLY like lectures that will put you to sleep and primates...stay away!!! She grades very hard and the lectures seemed very disorganized and unrelated to required readings. 

 If this was not my last semester, I would have dropped this class from day 1. Awful - lectures are dull, slides are a mess, tests do not match what she says to study for, uses obscure things from the book never addressed during class. If you can get around taking this class and this professor, do so. 

 She is a very nice professor as long as you have good classroom etiquette. A lot of information is covered; you must read and study well. Expectations are clear and she will help you if you asked. There are two 10 page papers, the second one is fun\xe2\x80\xa6you create your own short mystery novel.

Top positive sentiment words from the dataset:
great, awesome, best, easy, wonderful, loved, amazing, fun, fair, love, funny, excellent, dr, interesting, willing, cares, cool, great teacher, really, favorite

Top negative sentiment words from the dataset:
unless, completely, worst teacher, thinks, arrogant, useless, hard understand, did, unorganized, boring, teach, terrible, awful, confusing, unclear, rude, doesn, horrible, avoid, worst

Task:
Write a concise summary of the most impactful things a student should know about this professor.

Instructions:
- Base the summary on the review text above.
- Treat the positive and negative word lists as guidance for important sentiment-bearing traits.
- If the reviews clearly support a word or idea from those lists, carry that wording forward naturally into the summary.
- Do not include a keyword unless it is supported by the reviews.
- Prefer concrete repeated themes over vague praise or vague complaints.
- Focus especially on clarity, organization, helpfulness, fairness, workload, grading, exams, lecture quality, and overall classroom experience when mentioned.
- Preserve both positive and negative points when both are present.
- Do not invent details or overstate weak evidence.
- Write 4-6 sentences in a neutral, informative style.

Output:
Return only the final summary paragraph.","Professor Elizabeth Salter is described as knowledgeable, nice, and willing to help students who ask, with clear expectations and a manageable workload if students pay attention and study. The class includes two 10-page papers, one of which is noted as enjoyable, and students can earn good grades by following the rubric closely. However, several students found the lectures dull, disorganized, and not well aligned with the required readings or test material, leading to frustration. Grading is perceived as hard by some, and the overall classroom experience may be challenging for those who do not engage actively or prefer more structured lectures.",-0.04153200422848022,0.12631105661734554,0.49827247649225304
Marc  Stern,"I was not interested in history, however Professor Stern was a really great teacher and kept your attention, I will definitely take one of his classes again. 

 Terrible teacher. I expected better from the head of the department, but every class he decides to display his knowledge about the topic and branch off to random topics. After all that he expects you to know what he meant to talk about. Also a mean guy in general. Very inconsiderate when a student was very sick and needed to switch final time. 

 Stern is an amazing lecturer. He seems to know everything about U.S. history. You\'ll think you\'re failing his course the entire time, but if you try hard and do the work, you\'ll do fine. You end up learning A LOT because of the essay format of the exams (he gives a list of possible essays ahead of time). Great guy, but expects a lot from students. 

 DONT TAKE THIS PROFRESSOR. HE JUST READS FROM THE POWERPOINT AND HIS TESTS ARE VERY HARD!!!!","You are summarizing student reviews for a professor.

Professor name:
Marc  Stern

Most worthwhile student reviews:
I was not interested in history, however Professor Stern was a really great teacher and kept your attention, I will definitely take one of his classes again. 

 Terrible teacher. I expected better from the head of the department, but every class he decides to display his knowledge about the topic and branch off to random topics. After all that he expects you to know what he meant to talk about. Also a mean guy in general. Very inconsiderate when a student was very sick and needed to switch final time. 

 Stern is an amazing lecturer. He seems to know everything about U.S. history. You\'ll think you\'re failing his course the entire time, but if you try hard and do the work, you\'ll do fine. You end up learning A LOT because of the essay format of the exams (he gives a list of possible essays ahead of time). Great guy, but expects a lot from students. 

 DONT TAKE THIS PROFRESSOR. HE JUST READS FROM THE POWERPOINT AND HIS TESTS ARE VERY HARD!!!!

Top positive sentiment words from the dataset:
great, awesome, best, easy, wonderful, loved, amazing, fun, fair, love, funny, excellent, dr, interesting, willing, cares, cool, great teacher, really, favorite

Top negative sentiment words from the dataset:
unless, completely, worst teacher, thinks, arrogant, useless, hard understand, did, unorganized, boring, teach, terrible, awful, confusing, unclear, rude, doesn, horrible, avoid, worst

Task:
Write a concise summary of the most impactful things a student should know about this professor.

Instructions:
- Base the summary on the review text above.
- Treat the positive and negative word lists as guidance for important sentiment-bearing traits.
- If the reviews clearly support a word or idea from those lists, carry that wording forward naturally into the summary.
- Do not include a keyword unless it is supported by the reviews.
- Prefer concrete repeated themes over vague praise or vague complaints.
- Focus especially on clarity, organization, helpfulness, fairness, workload, grading, exams, lecture quality, and overall classroom experience when mentioned.
- Preserve both positive and negative points when both are present.
- Do not invent details or overstate weak evidence.
- Write 4-6 sentences in a neutral, informative style.

Output:
Return only the final summary paragraph.","Professor Marc Stern is knowledgeable about U.S. history and can keep students’ attention, even those initially uninterested in the subject. His lectures sometimes branch off into unrelated topics, which some students find confusing, and he reads directly from PowerPoint slides. The course workload and exams, which are essay-based with topics provided in advance, are challenging, and students must work hard to succeed. While some appreciate his thoroughness and find him a great teacher, others describe him as inconsiderate and difficult, particularly regarding flexibility with exam scheduling. Overall, students should expect a demanding class with a mix of engaging content and organizational challenges.",0.0613555321578306,0.5561197623665666,0.5729063336361988
Doug  Zentz,"Great teacher, he really knows what he is talking about. He cares about his students success and their future. He just wants everyone to leave the HVAC program knowing what they need to know. 

 Subjective and opinionated. Not a good teacher. If every student in the whole program gets a terrible score on a lab assignment, do you think it may have something to do with the clarity of the instructions? NEVER admits when he is wrong, and he enjoys messing with your future by lowering your GPA. Hopefully you have a different teacher for 362. 

 He is a horrible grader. He hates to give out A\'s in anything. He will purposefully mark you off big points for little problems in your assignments. If you ask him questions he will get mad and start yelling. On the plus side he seems to know the information. 

 Very knowledgeable but it seems like he doesn\'t care too much about students success. He pics favorites in class so its helpful to be part of Ashrae and other student groups. Not very approachable, if you don\'t understand something and ask a question he will sometimes talk down to you. Watch for his BPM (blinks per minute).","You are summarizing student reviews for a professor.

Professor name:
Doug  Zentz

Most worthwhile student reviews:
Great teacher, he really knows what he is talking about. He cares about his students success and their future. He just wants everyone to leave the HVAC program knowing what they need to know. 

 Subjective and opinionated. Not a good teacher. If every student in the whole program gets a terrible score on a lab assignment, do you think it may have something to do with the clarity of the instructions? NEVER admits when he is wrong, and he enjoys messing with your future by lowering your GPA. Hopefully you have a different teacher for 362. 

 He is a horrible grader. He hates to give out A\'s in anything. He will purposefully mark you off big points for little problems in your assignments. If you ask him questions he will get mad and start yelling. On the plus side he seems to know the information. 

 Very knowledgeable but it seems like he doesn\'t care too much about students success. He pics favorites in class so its helpful to be part of Ashrae and other student groups. Not very approachable, if you don\'t understand something and ask a question he will sometimes talk down to you. Watch for his BPM (blinks per minute).

Top positive sentiment words from the dataset:
great, awesome, best, easy, wonderful, loved, amazing, fun, fair, love, funny, excellent, dr, interesting, willing, cares, cool, great teacher, really, favorite

Top negative sentiment words from the dataset:
unless, completely, worst teacher, thinks, arrogant, useless, hard understand, did, unorganized, boring, teach, terrible, awful, confusing, unclear, rude, doesn, horrible, avoid, worst

Task:
Write a concise summary of the most impactful things a student should know about this professor.

Instructions:
- Base the summary on the review text above.
- Treat the positive and negative word lists as guidance for important sentiment-bearing traits.
- If the reviews clearly support a word or idea from those lists, carry that wording forward naturally into the summary.
- Do not include a keyword unless it is supported by the reviews.
- Prefer concrete repeated themes over vague praise or vague complaints.
- Focus especially on clarity, organization, helpfulness, fairness, workload, grading, exams, lecture quality, and overall classroom experience when mentioned.
- Preserve both positive and negative points when both are present.
- Do not invent details or overstate weak evidence.
- Write 4-6 sentences in a neutral, informative style.

Output:
Return only the final summary paragraph.","Professor Doug Zentz is very knowledgeable about HVAC and genuinely wants students to leave the program well-prepared. However, his teaching style is often described as unclear and subjective, with some students finding his instructions confusing and his grading harsh and unfair, as he tends to deduct significant points for minor issues. He is not very approachable and can respond negatively or even angrily when asked questions, which may hinder student understanding and success. Additionally, some students feel he shows favoritism toward certain groups, making it beneficial to be involved in student organizations. Overall, while he knows the material well, his classroom experience can be challenging due to his grading practices and communication style.",-0.27383305463705965,-0.391900050009932,-0.5583180901637452
Mary  Curtner Smith,"Avoid at all cost. She lectures the entire class time and the majority of what she says isn\'t even what will be on the test. She talks more about her personal life and personal opinions than the material that we actually need to know. Her test are tough and without the book you will have no idea what is going on. This class is miserable. 

 Very hard and boring!I dread going to this class every single day. It takes her a week to post grades. And all the tests are scantron. Do not take this class if you don\'t have to. The class is miserable and I don\'t know anyone who likes going to it. She always goes off subject, and keeps you the full time. AWFUL CLASS AND AWFUL TEACHER. 

 My favorite class with my favorite professor. I like her teaching style. She tells lots of funny stories that relate to the class, and she really cares about her students. 

 I dread going to this class. Ms Curtner Smith is an annoying communicator by the way she stutters through statements and says ""Um"" alot. She tends to teach more towards those with Psychology backgrounds- if you do not have one then you probably wont know what she is talking about and she doesn\'t explain it either. Very boring teacher do not take!","You are summarizing student reviews for a professor.

Professor name:
Mary  Curtner Smith

Most worthwhile student reviews:
Avoid at all cost. She lectures the entire class time and the majority of what she says isn\'t even what will be on the test. She talks more about her personal life and personal opinions than the material that we actually need to know. Her test are tough and without the book you will have no idea what is going on. This class is miserable. 

 Very hard and boring!I dread going to this class every single day. It takes her a week to post grades. And all the tests are scantron. Do not take this class if you don\'t have to. The class is miserable and I don\'t know anyone who likes going to it. She always goes off subject, and keeps you the full time. AWFUL CLASS AND AWFUL TEACHER. 

 My favorite class with my favorite professor. I like her teaching style. She tells lots of funny stories that relate to the class, and she really cares about her students. 

 I dread going to this class. Ms Curtner Smith is an annoying communicator by the way she stutters through statements and says ""Um"" alot. She tends to teach more towards those with Psychology backgrounds- if you do not have one then you probably wont know what she is talking about and she doesn\'t explain it either. Very boring teacher do not take!

Top positive sentiment words from the dataset:
great, awesome, best, easy, wonderful, loved, amazing, fun, fair, love, funny, excellent, dr, interesting, willing, cares, cool, great teacher, really, favorite

Top negative sentiment words from the dataset:
unless, completely, worst teacher, thinks, arrogant, useless, hard understand, did, unorganized, boring, teach, terrible, awful, confusing, unclear, rude, doesn, horrible, avoid, worst

Task:
Write a concise summary of the most impactful things a student should know about this professor.

Instructions:
- Base the summary on the review text above.
- Treat the positive and negative word lists as guidance for important sentiment-bearing traits.
- If the reviews clearly support a word or idea from those lists, carry that wording forward naturally into the summary.
- Do not include a keyword unless it is supported by the reviews.
- Prefer concrete repeated themes over vague praise or vague complaints.
- Focus especially on clarity, organization, helpfulness, fairness, workload, grading, exams, lecture quality, and overall classroom experience when mentioned.
- Preserve both positive and negative points when both are present.
- Do not invent details or overstate weak evidence.
- Write 4-6 sentences in a neutral, informative style.

Output:
Return only the final summary paragraph.","Professor Mary Curtner Smith receives mixed reviews from students. Some find her teaching style engaging and appreciate her use of funny stories and personal care for students, describing the class as their favorite. However, many students criticize her lectures as boring and unfocused, often going off-topic and spending class time on personal opinions rather than test-relevant material. Tests are described as difficult and primarily scantron-based, with grades posted slowly, and students without a psychology background may struggle to understand the content due to a lack of clear explanations. Overall, the class experience is described by many as miserable and hard to follow, though a few students find her approach enjoyable.",-0.3916533839126357,-0.7944266406052987,-0.3748581457163245
Gerald  McCausland,"You have to have interest in the subject with Jerry. If you don\'t do your work he will get on your case. If you do what you have to do you\'ll be fine. Also a funny guy and loves if you show a passion for your work. 

 He was a great professor. He definitely knows what he\'s doing. Like everyone else says, he can be harsh but its definitely well deserved. If you do what you\'re supposed to and just make an attempt to participate you\'ll find that you have no problems with him. Overall, his class is extremely amusing and he may just be my favorite professor. 

 horrible teacher, run run run. doesn\'t have all his marbles 

 Gerry is mean, demanding, unhelpful and ridiculously hard for an entry level course. Try to avoid him if you can.","You are summarizing student reviews for a professor.

Professor name:
Gerald  McCausland

Most worthwhile student reviews:
You have to have interest in the subject with Jerry. If you don\'t do your work he will get on your case. If you do what you have to do you\'ll be fine. Also a funny guy and loves if you show a passion for your work. 

 He was a great professor. He definitely knows what he\'s doing. Like everyone else says, he can be harsh but its definitely well deserved. If you do what you\'re supposed to and just make an attempt to participate you\'ll find that you have no problems with him. Overall, his class is extremely amusing and he may just be my favorite professor. 

 horrible teacher, run run run. doesn\'t have all his marbles 

 Gerry is mean, demanding, unhelpful and ridiculously hard for an entry level course. Try to avoid him if you can.

Top positive sentiment words from the dataset:
great, awesome, best, easy, wonderful, loved, amazing, fun, fair, love, funny, excellent, dr, interesting, willing, cares, cool, great teacher, really, favorite

Top negative sentiment words from the dataset:
unless, completely, worst teacher, thinks, arrogant, useless, hard understand, did, unorganized, boring, teach, terrible, awful, confusing, unclear, rude, doesn, horrible, avoid, worst

Task:
Write a concise summary of the most impactful things a student should know about this professor.

Instructions:
- Base the summary on the review text above.
- Treat the positive and negative word lists as guidance for important sentiment-bearing traits.
- If the reviews clearly support a word or idea from those lists, carry that wording forward naturally into the summary.
- Do not include a keyword unless it is supported by the reviews.
- Prefer concrete repeated themes over vague praise or vague complaints.
- Focus especially on clarity, organization, helpfulness, fairness, workload, grading, exams, lecture quality, and overall classroom experience when mentioned.
- Preserve both positive and negative points when both are present.
- Do not invent details or overstate weak evidence.
- Write 4-6 sentences in a neutral, informative style.

Output:
Return only the final summary paragraph.","Professor Gerald McCausland is knowledgeable and can be an engaging and funny instructor, especially appreciated by students who show passion and put effort into the coursework. He is known to be demanding and can be harsh, but this is generally seen as well deserved when students do not meet expectations. His class may be challenging, particularly for entry-level students, and some find him unhelpful or difficult to work with. Overall, students who stay on top of their work and participate tend to have a positive experience, while those who do not may find the course frustrating.",-0.03556219760448037,0.05344071018138852,0.4878327794344972
James  Cawley,"Cawley is a really good professor that knows the material inside and out. He is always available, and very understanding of students. The exams are not easy, but that doesnt mean it is impossible to get an A. Know concepts, not formulas, read the book, and pay attention to his in-class examples. Go talk to him too during office hours! 

 James is a really nice guy who really likes tables. That said he is a decent prof, class attendance definitely isn\'t mandatory, and he teaches almost straight from the book and is very clear about what will be on exams. He had some cute in class experiments too. All around definitely a good engr 225 prof. 

 Honestly, Professor Cawley is a really great professor. However, in SAGES the prompts for his papers can be a bit unclear and the grading criteria aren\'t exactly made clear. 

 By far my favorite Case professor. Very prone to tangents relating concepts to real-life problems. When he first starts explaining a concept, it seems a little circuitous, but when he finishes his derivations it\'s crystal clear what he was going for. Absolutely brilliant, and always loves talking to students in his spare time.","You are summarizing student reviews for a professor.

Professor name:
James  Cawley

Most worthwhile student reviews:
Cawley is a really good professor that knows the material inside and out. He is always available, and very understanding of students. The exams are not easy, but that doesnt mean it is impossible to get an A. Know concepts, not formulas, read the book, and pay attention to his in-class examples. Go talk to him too during office hours! 

 James is a really nice guy who really likes tables. That said he is a decent prof, class attendance definitely isn\'t mandatory, and he teaches almost straight from the book and is very clear about what will be on exams. He had some cute in class experiments too. All around definitely a good engr 225 prof. 

 Honestly, Professor Cawley is a really great professor. However, in SAGES the prompts for his papers can be a bit unclear and the grading criteria aren\'t exactly made clear. 

 By far my favorite Case professor. Very prone to tangents relating concepts to real-life problems. When he first starts explaining a concept, it seems a little circuitous, but when he finishes his derivations it\'s crystal clear what he was going for. Absolutely brilliant, and always loves talking to students in his spare time.

Top positive sentiment words from the dataset:
great, awesome, best, easy, wonderful, loved, amazing, fun, fair, love, funny, excellent, dr, interesting, willing, cares, cool, great teacher, really, favorite

Top negative sentiment words from the dataset:
unless, completely, worst teacher, thinks, arrogant, useless, hard understand, did, unorganized, boring, teach, terrible, awful, confusing, unclear, rude, doesn, horrible, avoid, worst

Task:
Write a concise summary of the most impactful things a student should know about this professor.

Instructions:
- Base the summary on the review text above.
- Treat the positive and negative word lists as guidance for important sentiment-bearing traits.
- If the reviews clearly support a word or idea from those lists, carry that wording forward naturally into the summary.
- Do not include a keyword unless it is supported by the reviews.
- Prefer concrete repeated themes over vague praise or vague complaints.
- Focus especially on clarity, organization, helpfulness, fairness, workload, grading, exams, lecture quality, and overall classroom experience when mentioned.
- Preserve both positive and negative points when both are present.
- Do not invent details or overstate weak evidence.
- Write 4-6 sentences in a neutral, informative style.

Output:
Return only the final summary paragraph.","Professor James Cawley is a knowledgeable and approachable instructor who clearly knows his material and is willing to engage with students outside of class. His lectures are clear and often include relatable real-life examples, though his explanations may initially seem indirect before becoming crystal clear. Exams are challenging but fair, focusing on understanding concepts rather than memorizing formulas, and he is transparent about exam content. Attendance is not mandatory, and he tends to teach directly from the textbook, supplemented by in-class experiments. Some students find the prompts and grading criteria for his SAGES papers unclear, which may cause confusion. Overall, he is regarded as a great professor who cares about student learning and is easy to talk to.",0.5694270280708119,0.8675711940305002,0.8148556991769009
Jerry  Scripps,"He is a great guy, extremely helpful, and actually makes class fun. 

 This class itself can be difficult especially if you have no prior experience in programming, but all around scripps is a excellent professor. He makes the class fun and he is really laid back. 

 Jerry is a funny teacher and very easy to get along and work with. 

 I took Scripps for Comp Sci 162. He certainly knew what he was doing when it came to programming and he usually was able to get the information across. No real tests during the class other than midterm and final. He uses a flipped classroom so be sure to watch the videos before class. Good, not great teacher. Would take him again though.","You are summarizing student reviews for a professor.

Professor name:
Jerry  Scripps

Most worthwhile student reviews:
He is a great guy, extremely helpful, and actually makes class fun. 

 This class itself can be difficult especially if you have no prior experience in programming, but all around scripps is a excellent professor. He makes the class fun and he is really laid back. 

 Jerry is a funny teacher and very easy to get along and work with. 

 I took Scripps for Comp Sci 162. He certainly knew what he was doing when it came to programming and he usually was able to get the information across. No real tests during the class other than midterm and final. He uses a flipped classroom so be sure to watch the videos before class. Good, not great teacher. Would take him again though.

Top positive sentiment words from the dataset:
great, awesome, best, easy, wonderful, loved, amazing, fun, fair, love, funny, excellent, dr, interesting, willing, cares, cool, great teacher, really, favorite

Top negative sentiment words from the dataset:
unless, completely, worst teacher, thinks, arrogant, useless, hard understand, did, unorganized, boring, teach, terrible, awful, confusing, unclear, rude, doesn, horrible, avoid, worst

Task:
Write a concise summary of the most impactful things a student should know about this professor.

Instructions:
- Base the summary on the review text above.
- Treat the positive and negative word lists as guidance for important sentiment-bearing traits.
- If the reviews clearly support a word or idea from those lists, carry that wording forward naturally into the summary.
- Do not include a keyword unless it is supported by the reviews.
- Prefer concrete repeated themes over vague praise or vague complaints.
- Focus especially on clarity, organization, helpfulness, fairness, workload, grading, exams, lecture quality, and overall classroom experience when mentioned.
- Preserve both positive and negative points when both are present.
- Do not invent details or overstate weak evidence.
- Write 4-6 sentences in a neutral, informative style.

Output:
Return only the final summary paragraph.","Professor Jerry Scripps is described as a laid-back and funny instructor who makes class enjoyable and is easy to work with. He is knowledgeable in programming and generally effective at conveying information, using a flipped classroom model that requires students to watch videos before class. The course can be challenging, especially for those without prior programming experience, but Scripps is considered helpful and fair. Assessments mainly consist of a midterm and final, with no frequent tests during the term. Overall, students find him to be a good, though not exceptional, teacher and would take his class again.",0.7743657633404091,0.96397216353981,0.7140716337640216
